{
  "OLS": {
    "r2": 0.004496867669020577,
    "mae": 0.06949020845717602,
    "rmse": 0.16558836821298153
  },
  "RLM": {
    "r2": 0.0016365986751709638,
    "mae": 0.06860213361995468,
    "rmse": 0.16582608095472062
  },
  "GLM": {
    "r2": 0.004496867669020577,
    "mae": 0.06949020845717602,
    "rmse": 0.16558836821298153
  },
  "Ridge": {
    "r2": 0.004610093092984213,
    "mae": 0.06948581341631882,
    "rmse": 0.1655789511927213
  },
  "Lasso": {
    "r2": -1.109531174225964e-05,
    "mae": 0.06950376742316684,
    "rmse": 0.16596286381074882
  },
  "ElasticNet": {
    "r2": -1.109531174225964e-05,
    "mae": 0.06950376742316684,
    "rmse": 0.16596286381074882
  },
  "RandomForest": {
    "r2": 0.6549186533251437,
    "mae": 0.03778654410836018,
    "rmse": 0.09749206134441608
  },
  "XGBoost": {
    "r2": 0.24416073279581574,
    "mae": 0.067046206611365,
    "rmse": 0.14428568189040278
  },
  "LightGBM": {
    "r2": 0.09350668163392084,
    "mae": 0.06863505839685109,
    "rmse": 0.1580122708962342
  }
}